Workbook

Sheet Calculo
A1: Field | B1: System | C1: Crop | D1: Yield(kg/ha) | E1: N(kg/ha) | F1: UREA (kgN/ha) | G1: UAN (kgN/ha) | H1: P2O5(kg/ha) | I1: MAP (kg/ha) | J1: DAP (kg/ha) | K1: K2O(kg/ha) | L1: Fungicide(kg/ha) | M1: Insecticide(kg/ha) | N1: Herbicides(kg/ha) | O1: Diesel(kg/ha) | P1: Irrigation_times | Q1: Irrigation_hours_per_time | R1: Total_Irrigation(mm/ha) | S1: Seed_ECO2(kgCo2/ha) | T1: UREA_EO2(kgCO2/ha) | U1: UAN_EO2(kgCO2/ha) | V1: MAP_P2O5_ECO2(kgCO2/ha) | W1: DAP_P2O5_ECO2(kgCO2/ha) | X1: K2O_ECO2(kgCO2/ha) | Y1: Fungicide_ECO2(kgCO2/ha) | Z1: Insecticide_ECO2(kgCO2/ha) | AA1: Herbicides_ECO2(kgCO2/ha) | AB1: Diesel_ECO2(kgCO2/ha) | AC1: Emision_Suelo_kgN2O | AD1: Soil_direct_emissions_kgCO2 | AE1: Soil_indirect_emission | AF1: carbon_footprint_HA | AG1: carbon_footprint__TN_grain
A2: 144S | B2: Rainfed | C2: Maize | D2: 8903 | E2: 99.4096 | F2: =201.76*0.46 -> 92.8096 | G2: 0 | H2: 31.2 | I2: 60 | J2: 0 | K2: 0 | L2: 0 | M2: 0.4308 | N2: 16.1801 | O2: 50 | P2: 0 | Q2: 0 | R2: 0 | T2: =F2*('Emission factors'!$C$7+'Emission factors'!$C$17) -> 353.56826 | U2: =G2*('Emission factors'!$C$10+'Emission factors'!$C$17) -> 0 | V2: =(I2*0.52)*('Emission factors'!$C$16+'Emission factors'!$C$17) -> 32.0424 | W2: =(J2*0.46)*('Emission factors'!$C$13+'Emission factors'!$C$17) -> 0 | X2: 0 | Y2: =L2*'Emission factors'!$C$21 -> 0 | Z2: =M2*'Emission factors'!$C$20 -> 7.7904766 | AA2: =N2*'Emission factors'!$C$19 -> 278.97826 | AB2: =O2*'Emission factors'!$C$18 -> 172 | AC2: =(((((D2*0.86)*0.006)+(((D2*0.86)*0.22)*0.007))*0.006)+E2*0.01)*(44/28) -> 2.1064681 | AD2: =AC2*298 -> 627.72748 | AE2: =(((E2*0.11)*0.01)*(44/28))*298 -> 51.207305 | AF2: =SUM(S2:AB2)+SUM(AD2:AE2) -> 1523.3142 | AG2: =AF2/D2 -> 0.17110122
A3: 365S | B3: Rainfed | C3: Maize | D3: 7446 | E3: 99.1744 | F3: =203.64*0.46 -> 93.6744 | G3: 0 | H3: 26 | I3: 50 | J3: 0 | K3: 0 | L3: 0 | M3: 0 | N3: 6.94401 | O3: 48.65 | P3: 0 | Q3: 0 | R3: 0 | T3: =F3*('Emission factors'!$C$7+'Emission factors'!$C$17) -> 356.86281 | U3: =G3*('Emission factors'!$C$10+'Emission factors'!$C$17) -> 0 | V3: =(I3*0.52)*('Emission factors'!$C$16+'Emission factors'!$C$17) -> 26.702 | W3: =(J3*0.46)*('Emission factors'!$C$13+'Emission factors'!$C$17) -> 0 | X3: 0 | Y3: =L3*'Emission factors'!$C$21 -> 0 | Z3: =M3*'Emission factors'!$C$20 -> 0 | AA3: =N3*'Emission factors'!$C$19 -> 119.72904 | AB3: =O3*'Emission factors'!$C$18 -> 167.356 | AC3: =(((((D3*0.86)*0.006)+(((D3*0.86)*0.22)*0.007))*0.006)+E3*0.01)*(44/28) -> 2.0136931 | AD3: =AC3*298 -> 600.08054 | AE3: =(((E3*0.11)*0.01)*(44/28))*298 -> 51.08615 | AF3: =SUM(S3:AB3)+SUM(AD3:AE3) -> 1321.8165 | AG3: =AF3/D3 -> 0.17752035
A4: 246S | B4: Rainfed | C4: Maize | D4: 6219 | E4: 55.41 | F4: =108.5*0.46 -> 49.91 | G4: 0 | H4: 26 | I4: 50 | J4: 0 | K4: 0 | L4: 0.111 | M4: 0.9916 | N4: 18.06446 | O4: 50.25 | P4: 0 | Q4: 0 | R4: 0 | T4: =F4*('Emission factors'!$C$7+'Emission factors'!$C$17) -> 190.13757 | U4: =G4*('Emission factors'!$C$10+'Emission factors'!$C$17) -> 0 | V4: =(I4*0.52)*('Emission factors'!$C$16+'Emission factors'!$C$17) -> 26.702 | W4: =(J4*0.46)*('Emission factors'!$C$13+'Emission factors'!$C$17) -> 0 | X4: 0 | Y4: =L4*'Emission factors'!$C$21 -> 2.1072506 | Z4: =M4*'Emission factors'!$C$20 -> 17.93184 | AA4: =N4*'Emission factors'!$C$19 -> 311.4685 | AB4: =O4*'Emission factors'!$C$18 -> 172.86 | AC4: =(((((D4*0.86)*0.006)+(((D4*0.86)*0.22)*0.007))*0.006)+E4*0.01)*(44/28) -> 1.2509497 | AD4: =AC4*298 -> 372.78301 | AE4: =(((E4*0.11)*0.01)*(44/28))*298 -> 28.542483 | AF4: =SUM(S4:AB4)+SUM(AD4:AE4) -> 1122.5327 | AG4: =AF4/D4 -> 0.18050051
A5: 417RS | B5: Irrigated | C5: Maize | D5: 13279 | E5: 199.13 | F5: =(125.5+101.75)*0.46 -> 104.535 | G5: =264.68*0.32 -> 84.6976 | H5: 46.8 | I5: 90 | J5: 0 | K5: 0 | L5: 0 | M5: 0.0654 | N5: 5.92 | O5: 660.12 | P5: 6 | Q5: NA | R5: 376 | T5: =F5*('Emission factors'!$C$7+'Emission factors'!$C$17) -> 398.23745 | U5: =G5*('Emission factors'!$C$10+'Emission factors'!$C$17) -> 434.2446 | V5: =(I5*0.52)*('Emission factors'!$C$16+'Emission factors'!$C$17) -> 48.0636 | W5: =(J5*0.46)*('Emission factors'!$C$13+'Emission factors'!$C$17) -> 0 | X5: 0 | Y5: =L5*'Emission factors'!$C$21 -> 0 | Z5: =M5*'Emission factors'!$C$20 -> 1.1826768 | AA5: =N5*'Emission factors'!$C$19 -> 102.073 | AB5: =O5*'Emission factors'!$C$18 -> 2270.8128 | AC5: =(((((D5*0.86)*0.006)+(((D5*0.86)*0.22)*0.007))*0.006)+E5*0.01)*(44/28) -> 3.9410456 | AD5: =AC5*298 -> 1174.4316 | AE5: =(((E5*0.11)*0.01)*(44/28))*298 -> 102.57471 | AF5: =SUM(S5:AB5)+SUM(AD5:AE5) -> 4531.6204 | AG5: =AF5/D5 -> 0.34126217
A6: 817R | B6: Irrigated | C6: Maize | D6: 8762 | E6: 137.987 | F6: =(177.04+101.41)*0.46 -> 128.087 | G6: 0 | H6: 46.8 | I6: 90 | J6: 0 | K6: 0 | L6: 0 | M6: 0.29 | N6: 11.2356 | O6: 359.744 | P6: 4 | Q6: NA | R6: 190.2 | T6: =F6*('Emission factors'!$C$7+'Emission factors'!$C$17) -> 487.96135 | U6: =G6*('Emission factors'!$C$10+'Emission factors'!$C$17) -> 0 | V6: =(I6*0.52)*('Emission factors'!$C$16+'Emission factors'!$C$17) -> 48.0636 | W6: =(J6*0.46)*('Emission factors'!$C$13+'Emission factors'!$C$17) -> 0 | X6: 0 | Y6: =L6*'Emission factors'!$C$21 -> 0 | Z6: =M6*'Emission factors'!$C$20 -> 5.2442856 | AA6: =N6*'Emission factors'!$C$19 -> 193.72489 | AB6: =O6*'Emission factors'!$C$18 -> 1237.5194 | AC6: =(((((D6*0.86)*0.006)+(((D6*0.86)*0.22)*0.007))*0.006)+E6*0.01)*(44/28) -> 2.7040638 | AD6: =AC6*298 -> 805.81101 | AE6: =(((E6*0.11)*0.01)*(44/28))*298 -> 71.079075 | AF6: =SUM(S6:AB6)+SUM(AD6:AE6) -> 2849.4036 | AG6: =AF6/D6 -> 0.32520013
A7: 492R | B7: Irrigated | C7: Maize | D7: 10909 | E7: 211.7473 | F7: =(204.08+140.56)*0.46 -> 158.5344 | G7: =135.35*0.32 -> 43.312 | H7: 46.8 | I7: 90 | J7: 0 | K7: 0 | L7: 0 | M7: 0 | N7: 10.9698 | O7: 490.7 | P7: 4 | Q7: NA | R7: 271 | T7: =F7*('Emission factors'!$C$7+'Emission factors'!$C$17) -> 603.95403 | U7: =G7*('Emission factors'!$C$10+'Emission factors'!$C$17) -> 222.06062 | V7: =(I7*0.52)*('Emission factors'!$C$16+'Emission factors'!$C$17) -> 48.0636 | W7: =(J7*0.46)*('Emission factors'!$C$13+'Emission factors'!$C$17) -> 0 | X7: 0 | Y7: =L7*'Emission factors'!$C$21 -> 0 | Z7: =M7*'Emission factors'!$C$20 -> 0 | AA7: =N7*'Emission factors'!$C$19 -> 189.14195 | AB7: =O7*'Emission factors'!$C$18 -> 1688.008 | AC7: =(((((D7*0.86)*0.006)+(((D7*0.86)*0.22)*0.007))*0.006)+E7*0.01)*(44/28) -> 3.9944188 | AD7: =AC7*298 -> 1190.3368 | AE7: =(((E7*0.11)*0.01)*(44/28))*298 -> 109.07406 | AF7: =SUM(S7:AB7)+SUM(AD7:AE7) -> 4050.6391 | AG7: =AF7/D7 -> 0.37131168

Sheet Emission factors
B1: Region | C1: Emission factor | D1: Unit | E1: Reference | F1: Comments
A2: N fertilizer | B2: World | C2: =(438.5+29.8+86)/107.7 -> 5.1467038 | D2: kg CO2 eq/KgN | E2: Menegat, S., Ledo, A. & Tirado, R. Greenhouse gas emissions from global production and use of nitrogen synthetic fertilisers in agriculture. Sci Rep 12, 14490 (2022). https://doi.org/10.1038/s41598-022-18773-w | F2: Son todos los fertilizantes que tienen N, incluidos MAP y DAP
A3: (manufacturing + transport + urea aplication to soils) | B3: China | C3: =(161.3+11.1+14.1)/28.1 -> 6.6370107 | D3: kg CO2 eq/KgN | E3: Menegat, S., Ledo, A. & Tirado, R. Greenhouse gas emissions from global production and use of nitrogen synthetic fertilisers in agriculture. Sci Rep 12, 14490 (2022). https://doi.org/10.1038/s41598-022-18773-w | F3: Son todos los fertilizantes que tienen N, incluidos MAP y DAP
B4: USA | C4: =(40.2+2.9+7.5)/11.6 -> 4.362069 | D4: kg CO2 eq/KgN | E4: Menegat, S., Ledo, A. & Tirado, R. Greenhouse gas emissions from global production and use of nitrogen synthetic fertilisers in agriculture. Sci Rep 12, 14490 (2022). https://doi.org/10.1038/s41598-022-18773-w | F4: Son todos los fertilizantes que tienen N, incluidos MAP y DAP
A5: UREA (manufacturing + aplication) | B5: China | C5: =(1.99+0.73)/0.46 -> 5.9130435 | D5: kg CO2 eq/KgN | E5: Brentrup, F., Lammel, J., Stephani, T., & Christensen, B. (2018, October). Updated carbon footprint values for mineral fertilizer from different world regions. In 11th International Conference on Life Cycle Assessment of Food, Kasetsart University (pp. 17-19). | F5: Transportation is not included
A6: UREA (manufacturing + aplication) | B6: USA | C6: =(1.01+0.73)/0.46 -> 3.7826087 | D6: kg CO2 eq/KgN | E6: Brentrup, F., Lammel, J., Stephani, T., & Christensen, B. (2018, October). Updated carbon footprint values for mineral fertilizer from different world regions. In 11th International Conference on Life Cycle Assessment of Food, Kasetsart University (pp. 17-19). | F6: Transportation is not included
A7: UREA (manufacturing + aplication) | B7: Latin America | C7: =(1.01+0.73)/0.46 -> 3.7826087 | D7: kg CO2 eq/KgN | E7: Brentrup, F., Lammel, J., Stephani, T., & Christensen, B. (2018, October). Updated carbon footprint values for mineral fertilizer from different world regions. In 11th International Conference on Life Cycle Assessment of Food, Kasetsart University (pp. 17-19). | F7: Transportation is not included
A8: UAN (manufacturing + aplication) | B8: China | C8: =(2.2+0.24)/0.3 -> 8.1333333 | D8: kg CO2 eq/KgN | E8: Brentrup, F., Lammel, J., Stephani, T., & Christensen, B. (2018, October). Updated carbon footprint values for mineral fertilizer from different world regions. In 11th International Conference on Life Cycle Assessment of Food, Kasetsart University (pp. 17-19). | F8: Transportation is not included
A9: UAN (manufacturing + aplication) | B9: USA | C9: =(1.33+0.24)/0.3 -> 5.2333333 | D9: kg CO2 eq/KgN | E9: Brentrup, F., Lammel, J., Stephani, T., & Christensen, B. (2018, October). Updated carbon footprint values for mineral fertilizer from different world regions. In 11th International Conference on Life Cycle Assessment of Food, Kasetsart University (pp. 17-19). | F9: Transportation is not included
A10: UAN (manufacturing + aplication) | B10: Latin America | C10: =(1.29+0.24)/0.3 -> 5.1 | D10: kg CO2 eq/KgN | E10: Brentrup, F., Lammel, J., Stephani, T., & Christensen, B. (2018, October). Updated carbon footprint values for mineral fertilizer from different world regions. In 11th International Conference on Life Cycle Assessment of Food, Kasetsart University (pp. 17-19). | F10: Transportation is not included
A11: DAP (manufacturing) | B11: China | C11: =1.15/0.46 -> 2.5 | D11: kg CO2 eq/Kg P2O5 | E11: Brentrup, F., Lammel, J., Stephani, T., & Christensen, B. (2018, October). Updated carbon footprint values for mineral fertilizer from different world regions. In 11th International Conference on Life Cycle Assessment of Food, Kasetsart University (pp. 17-19). | F11: Transportation is not included
A12: DAP (manufacturing) | B12: USA | C12: =0.67/0.46 -> 1.4565217 | D12: kg CO2 eq/Kg P2O5 | E12: Brentrup, F., Lammel, J., Stephani, T., & Christensen, B. (2018, October). Updated carbon footprint values for mineral fertilizer from different world regions. In 11th International Conference on Life Cycle Assessment of Food, Kasetsart University (pp. 17-19). | F12: Transportation is not included
A13: DAP (manufacturing) | B13: Latin America | C13: =0.73/0.46 -> 1.5869565 | D13: kg CO2 eq/Kg P2O5 | E13: Brentrup, F., Lammel, J., Stephani, T., & Christensen, B. (2018, October). Updated carbon footprint values for mineral fertilizer from different world regions. In 11th International Conference on Life Cycle Assessment of Food, Kasetsart University (pp. 17-19). | F13: Transportation is not included
A14: MAP (manufacturing) | B14: China | C14: =0.81/0.52 -> 1.5576923 | D14: kg CO2 eq/Kg P2O5 | E14: Brentrup, F., Lammel, J., Stephani, T., & Christensen, B. (2018, October). Updated carbon footprint values for mineral fertilizer from different world regions. In 11th International Conference on Life Cycle Assessment of Food, Kasetsart University (pp. 17-19). | F14: Transportation is not included
A15: MAP (manufacturing) | B15: USA | C15: =0.46/0.52 -> 0.88461538 | D15: kg CO2 eq/Kg P2O5 | E15: Brentrup, F., Lammel, J., Stephani, T., & Christensen, B. (2018, October). Updated carbon footprint values for mineral fertilizer from different world regions. In 11th International Conference on Life Cycle Assessment of Food, Kasetsart University (pp. 17-19). | F15: Transportation is not included
A16: MAP (manufacturing) | B16: Latin America | C16: =0.52/0.52 -> 1 | D16: kg CO2 eq/Kg P2O5 | E16: Brentrup, F., Lammel, J., Stephani, T., & Christensen, B. (2018, October). Updated carbon footprint values for mineral fertilizer from different world regions. In 11th International Conference on Life Cycle Assessment of Food, Kasetsart University (pp. 17-19). | F16: Transportation is not included
A17: Synthetic fertilizer transportation | B17: China | C17: 0.027 | D17: kg CO2 eq/ kg fertilizer | E17: W. Zhang, Z. Dou, P. He, X. Ju, D. Powlson, D. Chadwick, D. Norse, Y. Lu, Y. Zhang, L. Wu, X. Chen, K.G. Cassman, & F. Zhang, New technologies reduce greenhouse gas emissions from nitrogenous fertilizer in China, Proc. Natl. Acad. Sci. U.S.A. 110 (21) 8375-8380, https://doi.org/10.1073/pnas.1210447110 (2013). | F17: Average transportation in China
A18: Diesel | B18: World | C18: 3.44 | D18: kgCO2eq/Kg | E18: Lal R (2004) Carbon emission from farm operations. Environ Int 30:981–990
A19: Herbicide | B19: USA | C19: 17.24206 | D19: kg CO2 eq/Kg | E19: West, T. O., & Marland, G. (2002). A synthesis of carbon sequestration, carbon emissions, and net carbon flux in agriculture: comparing tillage practices in the United States. Agriculture, Ecosystems & Environment, 91(1-3), 217-232. | F19: Production, transportation and storage
A20: Insecticide | B20: USA | C20: 18.083743 | D20: kg CO2 eq/ kg | E20: West, T. O., & Marland, G. (2002). A synthesis of carbon sequestration, carbon emissions, and net carbon flux in agriculture: comparing tillage practices in the United States. Agriculture, Ecosystems & Environment, 91(1-3), 217-232. | F20: Production, transportation and storage
A21: Fungicide | B21: USA | C21: 18.98424 | D21: kgCO2eq/Kg | E21: West, T. O., & Marland, G. (2002). A synthesis of carbon sequestration, carbon emissions, and net carbon flux in agriculture: comparing tillage practices in the United States. Agriculture, Ecosystems & Environment, 91(1-3), 217-232. | F21: Production, transportation and storage
A23: *aplication in UREA and UAN means that UREA hydriolisis it taken in account.
